REF_AREA_LABEL,short_indicator,year,value,indicator_label
"Hong Kong SAR, China",atm_per_100k_adults,2017,50.46611575000065,"ATMs per 100,000 adults"
"Hong Kong SAR, China",atm_per_100k_adults,2018,51.59635323045526,"ATMs per 100,000 adults"
"Hong Kong SAR, China",atm_per_100k_adults,2019,52.66507868915114,"ATMs per 100,000 adults"
"Hong Kong SAR, China",atm_per_100k_adults,2020,51.2252167881307,"ATMs per 100,000 adults"
"Hong Kong SAR, China",atm_per_100k_adults,2021,50.06420354830801,"ATMs per 100,000 adults"
"Hong Kong SAR, China",atm_per_100k_adults,2022,48.89560863954845,"ATMs per 100,000 adults"
"Hong Kong SAR, China",atm_per_100k_adults,2023,46.0637007488026,"ATMs per 100,000 adults"
"Hong Kong SAR, China",atm_per_100k_adults,2024,46.03859430211506,"ATMs per 100,000 adults"
"Hong Kong SAR, China",bank_branches_per_100k_adults,2017,21.05813375386391,"Bank branches per 100,000 adults"
"Hong Kong SAR, China",bank_branches_per_100k_adults,2018,21.10897863045979,"Bank branches per 100,000 adults"
"Hong Kong SAR, China",bank_branches_per_100k_adults,2019,20.78013533420507,"Bank branches per 100,000 adults"
"Hong Kong SAR, China",bank_branches_per_100k_adults,2020,19.91756958644376,"Bank branches per 100,000 adults"
"Hong Kong SAR, China",bank_branches_per_100k_adults,2021,19.40367161766241,"Bank branches per 100,000 adults"
"Hong Kong SAR, China",bank_branches_per_100k_adults,2022,18.74840993772686,"Bank branches per 100,000 adults"
"Hong Kong SAR, China",bank_branches_per_100k_adults,2023,17.92026551711482,"Bank branches per 100,000 adults"
"Hong Kong SAR, China",bank_branches_per_100k_adults,2024,17.5540704726129,"Bank branches per 100,000 adults"
"Hong Kong SAR, China",credit_cards_per_1000_adults,2017,2886.661820900037,"Credit cards per 1,000 adults"
"Hong Kong SAR, China",credit_cards_per_1000_adults,2018,2953.132452543116,"Credit cards per 1,000 adults"
"Hong Kong SAR, China",credit_cards_per_1000_adults,2019,2965.495345159402,"Credit cards per 1,000 adults"
"Hong Kong SAR, China",credit_cards_per_1000_adults,2020,2918.180070497951,"Credit cards per 1,000 adults"
"Hong Kong SAR, China",credit_cards_per_1000_adults,2021,2889.918222399149,"Credit cards per 1,000 adults"
"Hong Kong SAR, China",credit_cards_per_1000_adults,2022,2977.895364925499,"Credit cards per 1,000 adults"
"Hong Kong SAR, China",credit_cards_per_1000_adults,2023,2925.936553047329,"Credit cards per 1,000 adults"
"Hong Kong SAR, China",credit_cards_per_1000_adults,2024,3110.575347283225,"Credit cards per 1,000 adults"
Indonesia,atm_per_100k_adults,2017,54.32316050704347,"ATMs per 100,000 adults"
Indonesia,atm_per_100k_adults,2018,53.75686250971738,"ATMs per 100,000 adults"
Indonesia,atm_per_100k_adults,2019,52.95603613704136,"ATMs per 100,000 adults"
Indonesia,atm_per_100k_adults,2020,51.3467817214524,"ATMs per 100,000 adults"
Indonesia,atm_per_100k_adults,2021,47.99230934566829,"ATMs per 100,000 adults"
Indonesia,atm_per_100k_adults,2022,47.31503437917069,"ATMs per 100,000 adults"
Indonesia,atm_per_100k_adults,2023,45.4759646765898,"ATMs per 100,000 adults"
Indonesia,atm_per_100k_adults,2024,45.63705078811676,"ATMs per 100,000 adults"
Indonesia,bank_branches_per_100k_adults,2017,16.49819031798116,"Bank branches per 100,000 adults"
Indonesia,bank_branches_per_100k_adults,2018,15.95291630815684,"Bank branches per 100,000 adults"
Indonesia,bank_branches_per_100k_adults,2019,15.51057863470601,"Bank branches per 100,000 adults"
Indonesia,bank_branches_per_100k_adults,2020,15.13212530675402,"Bank branches per 100,000 adults"
Indonesia,bank_branches_per_100k_adults,2021,15.76537142405275,"Bank branches per 100,000 adults"
Indonesia,bank_branches_per_100k_adults,2022,12.23034965851201,"Bank branches per 100,000 adults"
Indonesia,bank_branches_per_100k_adults,2023,11.55079743283018,"Bank branches per 100,000 adults"
Indonesia,bank_branches_per_100k_adults,2024,11.22961873788292,"Bank branches per 100,000 adults"
Indonesia,credit_cards_per_1000_adults,2017,87.83207962503089,"Credit cards per 1,000 adults"
Indonesia,credit_cards_per_1000_adults,2018,86.87071970643576,"Credit cards per 1,000 adults"
Indonesia,credit_cards_per_1000_adults,2019,86.83112100652627,"Credit cards per 1,000 adults"
Indonesia,credit_cards_per_1000_adults,2020,83.11354905045889,"Credit cards per 1,000 adults"
Indonesia,credit_cards_per_1000_adults,2021,80.17226623711397,"Credit cards per 1,000 adults"
Indonesia,credit_cards_per_1000_adults,2022,82.54457504826291,"Credit cards per 1,000 adults"
Indonesia,credit_cards_per_1000_adults,2023,83.98611296720632,"Credit cards per 1,000 adults"
Indonesia,credit_cards_per_1000_adults,2024,86.77966234271142,"Credit cards per 1,000 adults"
Indonesia,debit_cards_per_1000_adults,2017,792.8637867518823,"Debit cards per 1,000 adults"
Indonesia,debit_cards_per_1000_adults,2018,766.7803820686244,"Debit cards per 1,000 adults"
Indonesia,debit_cards_per_1000_adults,2019,866.2004068650654,"Debit cards per 1,000 adults"
Indonesia,debit_cards_per_1000_adults,2020,1001.397241437401,"Debit cards per 1,000 adults"
Indonesia,debit_cards_per_1000_adults,2021,1074.392356667514,"Debit cards per 1,000 adults"
Indonesia,debit_cards_per_1000_adults,2022,1206.880091219604,"Debit cards per 1,000 adults"
Indonesia,debit_cards_per_1000_adults,2023,1333.51594657205,"Debit cards per 1,000 adults"
Indonesia,debit_cards_per_1000_adults,2024,1504.786005121799,"Debit cards per 1,000 adults"
Indonesia,deposit_accounts_per_1000_adults,2017,1527.930171504981,"Deposit accounts per 1,000 adults"
Indonesia,deposit_accounts_per_1000_adults,2018,1554.772103408208,"Deposit accounts per 1,000 adults"
Indonesia,deposit_accounts_per_1000_adults,2019,1602.278742690658,"Deposit accounts per 1,000 adults"
Indonesia,deposit_accounts_per_1000_adults,2020,1851.801772867672,"Deposit accounts per 1,000 adults"
Indonesia,deposit_accounts_per_1000_adults,2021,2097.242697564238,"Deposit accounts per 1,000 adults"
Indonesia,deposit_accounts_per_1000_adults,2022,1847.025096909791,"Deposit accounts per 1,000 adults"
Indonesia,deposit_accounts_per_1000_adults,2023,2002.771802898834,"Deposit accounts per 1,000 adults"
Indonesia,deposit_accounts_per_1000_adults,2024,2171.520997309907,"Deposit accounts per 1,000 adults"
"Korea, Rep.",atm_per_100k_adults,2017,271.9355899519652,"ATMs per 100,000 adults"
"Korea, Rep.",atm_per_100k_adults,2018,266.2797560670538,"ATMs per 100,000 adults"
"Korea, Rep.",atm_per_100k_adults,2019,263.3225200656824,"ATMs per 100,000 adults"
"Korea, Rep.",atm_per_100k_adults,2020,258.1917258884229,"ATMs per 100,000 adults"
"Korea, Rep.",atm_per_100k_adults,2021,256.8552327448044,"ATMs per 100,000 adults"
"Korea, Rep.",atm_per_100k_adults,2022,252.6339539754512,"ATMs per 100,000 adults"
"Korea, Rep.",atm_per_100k_adults,2023,244.4692927697455,"ATMs per 100,000 adults"
"Korea, Rep.",bank_branches_per_100k_adults,2017,15.3995066248767,"Bank branches per 100,000 adults"
"Korea, Rep.",bank_branches_per_100k_adults,2018,15.2351489722182,"Bank branches per 100,000 adults"
"Korea, Rep.",bank_branches_per_100k_adults,2019,15.02406364486254,"Bank branches per 100,000 adults"
"Korea, Rep.",bank_branches_per_100k_adults,2020,14.285571292025,"Bank branches per 100,000 adults"
"Korea, Rep.",bank_branches_per_100k_adults,2021,13.5740244244837,"Bank branches per 100,000 adults"
"Korea, Rep.",bank_branches_per_100k_adults,2022,12.89363376941866,"Bank branches per 100,000 adults"
"Korea, Rep.",bank_branches_per_100k_adults,2023,12.70001381427875,"Bank branches per 100,000 adults"
"Korea, Rep.",bank_branches_per_100k_adults,2024,12.39360106450143,"Bank branches per 100,000 adults"
"Korea, Rep.",credit_cards_per_1000_adults,2017,2226.258325470184,"Credit cards per 1,000 adults"
"Korea, Rep.",credit_cards_per_1000_adults,2018,2333.309703306356,"Credit cards per 1,000 adults"
"Korea, Rep.",credit_cards_per_1000_adults,2019,2447.60787882012,"Credit cards per 1,000 adults"
"Korea, Rep.",credit_cards_per_1000_adults,2020,2496.44089961695,"Credit cards per 1,000 adults"
"Korea, Rep.",credit_cards_per_1000_adults,2021,2577.465893018817,"Credit cards per 1,000 adults"
"Korea, Rep.",credit_cards_per_1000_adults,2022,2712.687720122423,"Credit cards per 1,000 adults"
"Korea, Rep.",credit_cards_per_1000_adults,2023,2819.372657980179,"Credit cards per 1,000 adults"
"Korea, Rep.",credit_cards_per_1000_adults,2024,2882.614189013825,"Credit cards per 1,000 adults"
"Korea, Rep.",debit_cards_per_1000_adults,2017,756.9931890310031,"Debit cards per 1,000 adults"
"Korea, Rep.",debit_cards_per_1000_adults,2018,734.2853213825804,"Debit cards per 1,000 adults"
"Korea, Rep.",debit_cards_per_1000_adults,2019,718.9583480552395,"Debit cards per 1,000 adults"
"Korea, Rep.",debit_cards_per_1000_adults,2020,711.0298483270955,"Debit cards per 1,000 adults"
"Korea, Rep.",debit_cards_per_1000_adults,2021,658.0489059091027,"Debit cards per 1,000 adults"
"Korea, Rep.",debit_cards_per_1000_adults,2022,653.0269410970222,"Debit cards per 1,000 adults"
"Korea, Rep.",debit_cards_per_1000_adults,2023,652.8549943830621,"Debit cards per 1,000 adults"
"Korea, Rep.",deposit_accounts_per_1000_adults,2017,5464.810381487859,"Deposit accounts per 1,000 adults"
"Korea, Rep.",deposit_accounts_per_1000_adults,2018,5746.405037850684,"Deposit accounts per 1,000 adults"
"Korea, Rep.",deposit_accounts_per_1000_adults,2019,6079.606893566198,"Deposit accounts per 1,000 adults"
"Korea, Rep.",deposit_accounts_per_1000_adults,2020,6359.164549586561,"Deposit accounts per 1,000 adults"
"Korea, Rep.",deposit_accounts_per_1000_adults,2021,6686.247310052356,"Deposit accounts per 1,000 adults"
"Korea, Rep.",deposit_accounts_per_1000_adults,2022,7180.128651463102,"Deposit accounts per 1,000 adults"
"Korea, Rep.",deposit_accounts_per_1000_adults,2023,7340.87731964764,"Deposit accounts per 1,000 adults"
"Korea, Rep.",deposit_accounts_per_1000_adults,2024,7547.197451585227,"Deposit accounts per 1,000 adults"
Thailand,atm_per_100k_adults,2017,114.5399193106933,"ATMs per 100,000 adults"
Thailand,atm_per_100k_adults,2018,114.0967600440268,"ATMs per 100,000 adults"
Thailand,atm_per_100k_adults,2019,111.6742369418617,"ATMs per 100,000 adults"
Thailand,atm_per_100k_adults,2020,108.4731394945126,"ATMs per 100,000 adults"
Thailand,atm_per_100k_adults,2021,104.8244373204996,"ATMs per 100,000 adults"
Thailand,atm_per_100k_adults,2022,99.73388034242136,"ATMs per 100,000 adults"
Thailand,atm_per_100k_adults,2023,97.87498492184191,"ATMs per 100,000 adults"
Thailand,atm_per_100k_adults,2024,93.03021839637174,"ATMs per 100,000 adults"
Thailand,bank_branches_per_100k_adults,2017,11.53287242643884,"Bank branches per 100,000 adults"
Thailand,bank_branches_per_100k_adults,2018,11.36059015828448,"Bank branches per 100,000 adults"
Thailand,bank_branches_per_100k_adults,2019,10.90403789860223,"Bank branches per 100,000 adults"
Thailand,bank_branches_per_100k_adults,2020,10.26821776973444,"Bank branches per 100,000 adults"
Thailand,bank_branches_per_100k_adults,2021,9.35415100467224,"Bank branches per 100,000 adults"
Thailand,bank_branches_per_100k_adults,2022,8.69537409395026,"Bank branches per 100,000 adults"
Thailand,bank_branches_per_100k_adults,2023,8.347189470754682,"Bank branches per 100,000 adults"
Thailand,bank_branches_per_100k_adults,2024,8.01998751107904,"Bank branches per 100,000 adults"
Thailand,credit_cards_per_1000_adults,2017,349.7199742414382,"Credit cards per 1,000 adults"
Thailand,credit_cards_per_1000_adults,2018,377.393727793715,"Credit cards per 1,000 adults"
Thailand,credit_cards_per_1000_adults,2019,402.0931497040629,"Credit cards per 1,000 adults"
Thailand,credit_cards_per_1000_adults,2020,409.6595473912133,"Credit cards per 1,000 adults"
Thailand,credit_cards_per_1000_adults,2021,398.8631511217564,"Credit cards per 1,000 adults"
Thailand,credit_cards_per_1000_adults,2022,428.1751879684375,"Credit cards per 1,000 adults"
Thailand,credit_cards_per_1000_adults,2023,435.1765675305696,"Credit cards per 1,000 adults"
Thailand,credit_cards_per_1000_adults,2024,424.4597703677894,"Credit cards per 1,000 adults"
Thailand,debit_cards_per_1000_adults,2017,1007.367217266124,"Debit cards per 1,000 adults"
Thailand,debit_cards_per_1000_adults,2018,1046.948806937304,"Debit cards per 1,000 adults"
Thailand,debit_cards_per_1000_adults,2019,1085.260361215188,"Debit cards per 1,000 adults"
Thailand,debit_cards_per_1000_adults,2020,1066.482239463164,"Debit cards per 1,000 adults"
Thailand,debit_cards_per_1000_adults,2021,1073.598774669131,"Debit cards per 1,000 adults"
Thailand,debit_cards_per_1000_adults,2022,1010.726283799867,"Debit cards per 1,000 adults"
Thailand,debit_cards_per_1000_adults,2023,933.2042853242152,"Debit cards per 1,000 adults"
Thailand,debit_cards_per_1000_adults,2024,885.6739977863525,"Debit cards per 1,000 adults"
Thailand,deposit_accounts_per_1000_adults,2017,1562.598966121507,"Deposit accounts per 1,000 adults"
Thailand,deposit_accounts_per_1000_adults,2018,1630.749226113562,"Deposit accounts per 1,000 adults"
Thailand,deposit_accounts_per_1000_adults,2019,1648.538078146901,"Deposit accounts per 1,000 adults"
Thailand,deposit_accounts_per_1000_adults,2020,1719.581199907265,"Deposit accounts per 1,000 adults"
Thailand,deposit_accounts_per_1000_adults,2021,1830.538594465468,"Deposit accounts per 1,000 adults"
Thailand,deposit_accounts_per_1000_adults,2022,1944.851728623886,"Deposit accounts per 1,000 adults"
Thailand,deposit_accounts_per_1000_adults,2023,2052.486017061511,"Deposit accounts per 1,000 adults"
Thailand,deposit_accounts_per_1000_adults,2024,2183.832795241273,"Deposit accounts per 1,000 adults"
